file,energy,onsetRate,rms,dynamicComplexity,spectralCentroid,hfc
"01 7A - 1 - Path of Devotion.mp3",1,0.8667,0.209437,0.0000,0.0000,0.0000
"01 1A - 2 - jerusalem.mp3",2,4.3667,0.065438,0.0000,0.0000,0.0000
"01 2A - 2 - To Speak Of Solitude.mp3",2,1.0333,0.155127,0.0000,0.0000,0.0000
"04 7A - 2 - Distant Light (Original Mix).mp3",2,0.2333,0.219891,0.0000,0.0000,0.0000
"05 10B - 2 - Unforgiven (Original Mix).mp3",2,0.3667,0.061975,0.0000,0.0000,0.0000
"1-10 5A - 2 - Code.mp3",2,0.5333,0.069034,0.0000,0.0000,0.0000
"01 5A - 2 - Sweet Dreams (A cappella).mp3",2,1.6333,0.078702,0.0000,0.0000,0.0000
"01 4A - 2 - Cahaya Bulan (Original Mix).mp3",2,0.1333,0.224400,0.0000,0.0000,0.0000
"01 9A - 2 - Intro.mp3",2,4.2667,0.294017,0.0000,0.0000,0.0000
"01 7A - 2 - Epipelagic (Original Mix).mp3",2,1.8667,0.259627,0.0000,0.0000,0.0000
"04 2A - 2 - Philosophy Of Dance (Accappella).mp3",2,2.4333,0.113082,0.0000,0.0000,0.0000
"04 8A - 2 - Laertes Theme (Original Mix).mp3",2,0.4667,0.173033,0.0000,0.0000,0.0000
"01 7A - 2 - Alfa.mp3",2,5.1333,0.091054,0.0000,0.0000,0.0000
"6A - 2 - Lamplight Rains (Original Vers.mp3",2,3.2000,0.134815,0.0000,0.0000,0.0000
"04 5A - 2 - Venusianische Holle (Original Mix).mp3",2,2.0667,0.277766,0.0000,0.0000,0.0000
"09 9A - 2 - Hammock Therapy.mp3",2,2.1333,0.063125,0.0000,0.0000,0.0000
"10 5A - 2 - Planetary Nebula (Original Mix.mp3",2,3.0000,0.214497,0.0000,0.0000,0.0000
"4A - 2 - VerityAcid (Original Mix).mp3",2,1.5333,0.141550,0.0000,0.0000,0.0000
"11 7A - 2 - Om Mantra (Instrumental).mp3",2,0.5667,0.192611,0.0000,0.0000,0.0000
"02 8A - 3 - Ether (feat. Natalia Maczek) (Original Mix).mp3",3,2.9000,0.199269,0.0000,0.0000,0.0000
"1-02 2B - 3 - Nutshell (Album Version).mp3",3,3.3667,0.248308,0.0000,0.0000,0.0000
"02 11A - 3 - We Can Dance Again (Acapella).mp3",3,4.7000,0.222509,0.0000,0.0000,0.0000
"07 3A - 3 - Do You Remember House_ (feat. Palmer Brown) (Accapella).mp3",3,3.9333,0.091164,0.0000,0.0000,0.0000
"2-11 4A - 3 - All of Me.mp3",3,3.8667,0.249979,0.0000,0.0000,0.0000
"35 3B - 3 - No Woman, No Cry (Live).mp3",3,3.7667,0.200547,0.0000,0.0000,0.0000
"03 9A - 3 - To The Underground (Acapella).mp3",3,4.0253,0.103460,0.0000,0.0000,0.0000
"13 9A - 3 - Bitch Niggaz Ft Snoop Dogg, Hittman, Six-Two.mp3",3,5.2000,0.325095,0.0000,0.0000,0.0000
"04 12A - 3 - Red Cosmic Earth.mp3",3,6.8000,0.316867,0.0000,0.0000,0.0000
"06 3A - 3 - Cafe Del Mar (Michael Woods Remix).mp3",3,2.5000,0.085266,0.0000,0.0000,0.0000
"04 8A - 3 - Out of Void (Original Mix).mp3",3,0.6333,0.103906,0.0000,0.0000,0.0000
"03 2B - 3 - More Than Words.mp3",3,2.7333,0.087122,0.0000,0.0000,0.0000
"1-05 12A - 3 - Lush.mp3",3,5.0667,0.363831,0.0000,0.0000,0.0000
"14 4A - 3 - The Power of Love.mp3",3,2.2333,0.095365,0.0000,0.0000,0.0000
"03 3A - 3 - Ready or Not.mp3",3,5.0000,0.090162,0.0000,0.0000,0.0000
"01 3A - 3 - Love Is (feat. Kameelah Waheed).mp3",3,4.1667,0.170992,0.0000,0.0000,0.0000
"01 7A - 3 - Magic Workout.mp3",3,6.1000,0.240106,0.0000,0.0000,0.0000
"02 7A - 3 - Writings.mp3",3,4.5000,0.252555,0.0000,0.0000,0.0000
"1-01 5A - 3 - Pitch Black City Reunion.mp3",3,5.5667,0.231433,0.0000,0.0000,0.0000
"01 1A - 3 - Naturaleza (Mose Edit).mp3",3,4.6333,0.378396,0.0000,0.0000,0.0000
"12 6A - 3 - how to luv.mp3",3,5.2000,0.373716,0.0000,0.0000,0.0000
"7A - 3 - Qawwali (Original Mix).mp3",3,6.2000,0.272263,0.0000,0.0000,0.0000
"01 1A - 3 - Réveiller (Feat. MANON).mp3",3,2.9333,0.273166,0.0000,0.0000,0.0000
"01 2A - 3 - Immersion.mp3",3,0.0667,0.192009,0.0000,0.0000,0.0000
"06 3A - 3 - Elapse.mp3",3,0.0667,0.181051,0.0000,0.0000,0.0000
"14 5B - 3 - Bad Days.mp3",3,3.9000,0.273418,0.0000,0.0000,0.0000
"09 7A - 3 - Need To Feel Loved (Acappella).mp3",3,2.3333,0.212552,0.0000,0.0000,0.0000
"03 10A - 3 - Regulate (Acapella).mp3",3,4.6667,0.084361,0.0000,0.0000,0.0000
"14 7A - 3 - אור (גרסה שקטה.mp3",3,3.4333,0.203009,0.0000,0.0000,0.0000
"07 3B - 3 - ניצחת איתי הכל.mp3",3,3.8667,0.186747,0.0000,0.0000,0.0000
"2-06 6A - 4 - Do For Love.mp3",4,5.3333,0.302484,0.0000,0.0000,0.0000
"1-06 9A - 4 - Back In Black.mp3",4,2.8333,0.243488,0.0000,0.0000,0.0000
"36 7A - 4 - Bad Habit (feat. Lisa Millett) (Acapella).mp3",4,4.0333,0.157619,0.0000,0.0000,0.0000
"02 10A - 4 - shake shake shake (Original Mix).mp3",4,3.5667,0.159592,0.0000,0.0000,0.0000
"01 5A - 4 - River Red Gum.mp3",4,8.1667,0.324249,0.0000,0.0000,0.0000
"01 5A - 4 - Pasilda (Acapella).mp3",4,2.5000,0.077889,0.0000,0.0000,0.0000
"02 3A - 4 - Cameroun Central.mp3",4,4.1000,0.214904,0.0000,0.0000,0.0000
"02 12A - 4 - A Matter of Time (Frank Wiedemann Remix).mp3",4,3.4333,0.302986,0.0000,0.0000,0.0000
"04 12A - 4 - Inside (Original Mix).mp3",4,8.5000,0.340418,0.0000,0.0000,0.0000
"03 10A - 4 - Autochtone (Original Mix).mp3",4,6.7000,0.378139,0.0000,0.0000,0.0000
"06 5A - 4 - Genesis (Version).mp3",4,5.8333,0.419221,0.0000,0.0000,0.0000
"06 8A - 4 - Strategy.mp3",4,4.6667,0.138631,0.0000,0.0000,0.0000
"10A - 4 - Ikik Pt 1.mp3",4,3.6000,0.242782,0.0000,0.0000,0.0000
"06 5A - 4 - Silent Quest (Hydrangea remix).mp3",4,7.8000,0.260939,0.0000,0.0000,0.0000
"03 4A - 4 - Tomb (Original Mix).mp3",4,5.2667,0.245604,0.0000,0.0000,0.0000
"07 2A - 4 - UKNOWHOWWEDU.mp3",4,4.4000,0.243621,0.0000,0.0000,0.0000
"2-01 11A - 4 - Everybody's Free (to Wear Sunscreen).mp3",4,4.7667,0.143412,0.0000,0.0000,0.0000
"04 6A - 4 - Attis (Original Mix).mp3",4,4.9667,0.286158,0.0000,0.0000,0.0000
"03 3A - 4 - Yonder.mp3",4,7.4667,0.197777,0.0000,0.0000,0.0000
"01 8B - 4 - Shadows From Nowhere (Original Version).mp3",4,4.3333,0.081323,0.0000,0.0000,0.0000
"04 8A - 4 - ndanele.mp3",4,4.2333,0.316169,0.0000,0.0000,0.0000
"01 7A - 4 - Khidi Raver (Original Mix).mp3",4,5.0000,0.111439,0.0000,0.0000,0.0000
"07 7A - 4 - Ups & Downs (Glitch Edit 2023).mp3",4,3.4333,0.247401,0.0000,0.0000,0.0000
"05 9A - 4 - Inescapable (Original Mix).mp3",4,4.3333,0.255064,0.0000,0.0000,0.0000
"06 8A - 4 - Path of Least Resistance (Original Mix).mp3",4,0.1000,0.270493,0.0000,0.0000,0.0000
"02 10A - 4 - Cometa.mp3",4,4.6000,0.249746,0.0000,0.0000,0.0000
"8A - 4 - Teach Me, Keep Me (Original Mix).mp3",4,6.1333,0.383686,0.0000,0.0000,0.0000
"04 8B - 4 - Sorry, Blame It On Me - main.mp3",4,4.0667,0.297827,0.0000,0.0000,0.0000
"05 8A - 4 - Frontin'.mp3",4,4.2333,0.230433,0.0000,0.0000,0.0000
"01 5A - 4 - Sleep.mp3",4,6.2000,0.322703,0.0000,0.0000,0.0000
"06 7A - 4 - Sunshine Of Your Love.mp3",4,3.0667,0.238905,0.0000,0.0000,0.0000
"07 12A - 4 - Rebirth of Cool (Original Mix).mp3",4,5.2000,0.292336,0.0000,0.0000,0.0000
"05 2A - 4 - Revolution 909 (Revolution A Cappella).mp3",4,2.0333,0.026148,0.0000,0.0000,0.0000
"03 8A - 4 - Giorgio by Moroder (Drumless Edition).mp3",4,6.3667,0.197720,0.0000,0.0000,0.0000
"1-04 7A - 4 - Something About Us.mp3",4,3.7333,0.147664,0.0000,0.0000,0.0000
"03 8A - 4 - Mantra (Elfenberg Remix).mp3",4,5.7667,0.191023,0.0000,0.0000,0.0000
"20 8A - 4 - Cravin (feat. G-Eazy).mp3",4,5.1667,0.405496,0.0000,0.0000,0.0000
"10 4A - 4 - Fame (2016 Remaster).mp3",4,3.5000,0.118087,0.0000,0.0000,0.0000
"01 8A - 4 - Highway Star (2012 Remaster).mp3",4,3.4000,0.273312,0.0000,0.0000,0.0000
"1-05 6A - 4 - Smoke on the Water (2012 Remaster).mp3",4,3.8000,0.223684,0.0000,0.0000,0.0000
"01 8A - 4 - Process (Original Mix).mp3",4,5.2000,0.291751,0.0000,0.0000,0.0000
"01 3A - 4 - Departure (Original Mix).mp3",4,5.5333,0.272987,0.0000,0.0000,0.0000
"03 6A - 4 - Tension (Original Mix).mp3",4,3.4000,0.281328,0.0000,0.0000,0.0000
"8A - 4 - Something For Myself (Original.mp3",4,5.4333,0.312578,0.0000,0.0000,0.0000
"01 7A - 4 - Penelope (Original Mix).mp3",4,7.4333,0.350205,0.0000,0.0000,0.0000
"06 11A - 4 - There is a God (Acapella 2).mp3",4,0.8889,0.048957,0.0000,0.0000,0.0000
"05 5A - 4 - 12H.5 (Original Mix).mp3",4,0.2333,0.197011,0.0000,0.0000,0.0000
"01 6A - 4 - Vaporware 01 (Original Mix).mp3",4,1.8333,0.194178,0.0000,0.0000,0.0000
"03 9A - 4 - Fuck You Ft Devin The Dude, Snoop Dogg.mp3",4,4.6333,0.308177,0.0000,0.0000,0.0000
"02 2A - 4 - Parsing (Original Mix).mp3",4,5.3667,0.352957,0.0000,0.0000,0.0000
"03 9A - 4 - Lupus (Original Mix).mp3",4,8.0667,0.361011,0.0000,0.0000,0.0000
"1-01 5A - 4 - He's A Friend.mp3",4,3.7333,0.211179,0.0000,0.0000,0.0000
"07 6A - 4 - Bauer (Original Mix).mp3",4,2.5667,0.340964,0.0000,0.0000,0.0000
"7A - 4 - quasi-calligraphic.mp3",4,4.5000,0.314412,0.0000,0.0000,0.0000
"02 5A - 4 - Loma.mp3",4,7.5667,0.300211,0.0000,0.0000,0.0000
"01 10A - 4 - Terra Rasgada (Santiago Garcia Remix).mp3",4,6.3667,0.335998,0.0000,0.0000,0.0000
"01 8A - 4 - Congo Get Slap (Mark Ernestus Remix).mp3",4,6.1667,0.300349,0.0000,0.0000,0.0000
"01 10A - 4 - Do It (Acapella).mp3",4,2.5333,0.020417,0.0000,0.0000,0.0000
"09 8A - 4 - The Underground (Acapella).mp3",4,2.0333,0.085175,0.0000,0.0000,0.0000
"01 9A - 5 - After Dark (Original Mix).mp3",5,7.3000,0.266176,0.0000,0.0000,0.0000
"02 8A - 5 - Pussy Power (DESIREE Remix).mp3",5,5.5333,0.236771,0.0000,0.0000,0.0000
"01 8A - 5 - The Rapture Pt.III (Original Mix).mp3",5,7.7000,0.129501,0.0000,0.0000,0.0000
"8A - 5 - Muye.mp3",5,8.0333,0.225030,0.0000,0.0000,0.0000
"05 5B - 5 - Cupid.mp3",5,3.2333,0.193286,0.0000,0.0000,0.0000
"12 4A - 5 - Only You (Bad Boy Remix) (Feat. The Notorious B.I.G. & Mase).mp3",5,5.2000,0.225698,0.0000,0.0000,0.0000
"01 8A - 5 - Sour Heart (Original Mix).mp3",5,7.0000,0.285479,0.0000,0.0000,0.0000
"02 4A - 5 - all of me.mp3",5,6.0000,0.374370,0.0000,0.0000,0.0000
"02 2A - 5 - Hail Mary.mp3",5,4.9333,0.260654,0.0000,0.0000,0.0000
"08 6A - 5 - Krazy.mp3",5,4.3667,0.229770,0.0000,0.0000,0.0000
"01 3A - 5 - Tastes Like Freedom (Chaos In The CBD Remix).mp3",5,6.0667,0.185195,0.0000,0.0000,0.0000
"03 11B - 5 - What's Up_.mp3",5,4.1000,0.114091,0.0000,0.0000,0.0000
"02 7A - 5 - Untitled 11 (Original Mix).mp3",5,4.8333,0.334279,0.0000,0.0000,0.0000
"08 2A - 5 - Electric Relaxation.mp3",5,5.0000,0.223080,0.0000,0.0000,0.0000
"03 4A - 5 - Radious.mp3",5,7.4000,0.469585,0.0000,0.0000,0.0000
"1-01 11B - 5 - Highway to Hell.mp3",5,3.4333,0.221063,0.0000,0.0000,0.0000
"30 9A - 5 - Tabu.mp3",5,8.1667,0.413212,0.0000,0.0000,0.0000
"4A - 5 - MUSTANG I.mp3",5,4.3333,0.240922,0.0000,0.0000,0.0000
"01 1A - 5 - Vhuyani (Original Mix).mp3",5,7.1333,0.315998,0.0000,0.0000,0.0000
"01 4A - 5 - Words (Yoruba Soul Mix).mp3",5,6.6667,0.274410,0.0000,0.0000,0.0000
"02 9A - 5 - Rhythm Of Life 2 (Original Mix).mp3",5,6.1333,0.407742,0.0000,0.0000,0.0000
"05 1A - 5 - 16 Cygni (Original Mix).mp3",5,7.9000,0.453337,0.0000,0.0000,0.0000
"1A - 5 - Move (feat. Malachiii) (Original Mix).mp3",5,6.2667,0.266155,0.0000,0.0000,0.0000
"01 11A - 5 - 3 Days Later.mp3",5,5.4667,0.294840,0.0000,0.0000,0.0000
"01 6A - 5 - Spring Girl (Extended).mp3",5,5.2000,0.403483,0.0000,0.0000,0.0000
"01 12A - 5 - Alor (feat. Emma El Shir).mp3",5,5.6000,0.304840,0.0000,0.0000,0.0000
"01 5A - 5 - Line of Conception.mp3",5,6.9000,0.275170,0.0000,0.0000,0.0000
"07 11B - 5 - Crazy.mp3",5,2.7667,0.310926,0.0000,0.0000,0.0000
"3-06 10A - 5 - Planet Rock (and Soulsonic Force).mp3",5,3.7000,0.267724,0.0000,0.0000,0.0000
"01 8A - 5 - My Tribe (Original Mix).mp3",5,5.0333,0.409892,0.0000,0.0000,0.0000
"10 4A - 5 - The Age Of Love (Jam & Spoon W.mp3",5,6.2333,0.136179,0.0000,0.0000,0.0000
"01 10A - 5 - Hikuri Curando (Kareem Raïhani Remix).mp3",5,5.9000,0.273001,0.0000,0.0000,0.0000
"07 5A - 5 - Haiku (Original Mix).mp3",5,3.9333,0.241873,0.0000,0.0000,0.0000
"8A - 5 - Singing (Dixon Dub).mp3",5,5.4333,0.258593,0.0000,0.0000,0.0000
"02 8A - 5 - In Love.mp3",5,4.9667,0.317343,0.0000,0.0000,0.0000
"06 7A - 5 - Let's Stay Together.mp3",5,4.5667,0.084474,0.0000,0.0000,0.0000
"04 12A - 5 - Memories.mp3",5,6.9667,0.224211,0.0000,0.0000,0.0000
"01 8A - 5 - Klakongo (The Deepshakerz Rework).mp3",5,6.6667,0.157213,0.0000,0.0000,0.0000
"1-15 3A - 5 - Would_.mp3",5,3.5000,0.243047,0.0000,0.0000,0.0000
"06 8A - 5 - Nha Manera (Mr. ID Remix - extended).mp3",5,8.1333,0.371986,0.0000,0.0000,0.0000
"12A - 5 - Deeper Feelings (Original Mix).mp3",5,4.8667,0.141546,0.0000,0.0000,0.0000
"8A - 5 - Den R_¥tta feat. Vulkano (Orig.mp3",5,5.1333,0.278156,0.0000,0.0000,0.0000
"12A - 5 - Rej.mp3",5,4.8000,0.284344,0.0000,0.0000,0.0000
"02 6A - 5 - Enoi (Ame Live Remix).mp3",5,4.7000,0.316451,0.0000,0.0000,0.0000
"02 8A - 5 - Mama Africa.mp3",5,3.6333,0.275914,0.0000,0.0000,0.0000
"8B - 5 - Day at Salinas (feat. Troels Hammer).mp3",5,4.5667,0.241887,0.0000,0.0000,0.0000
"7A - 5 - Scream (Original Mix).mp3",5,5.0333,0.401820,0.0000,0.0000,0.0000
"03 5A - 5 - Cognition (Original Mix).mp3",5,3.7000,0.131517,0.0000,0.0000,0.0000
"02 1A - 5 - Transform.mp3",5,6.1667,0.192673,0.0000,0.0000,0.0000
"01 8A - 5 - Ab Intus (Original Mix).mp3",5,6.3667,0.297658,0.0000,0.0000,0.0000
"11A - 5 - Dynamo (Original Mix).mp3",5,5.7333,0.300831,0.0000,0.0000,0.0000
"22 2A - 5 - Two Worlds, One Sun.mp3",5,7.8000,0.232762,0.0000,0.0000,0.0000
"17 8A - 5 - A True Connection.mp3",5,2.4333,0.161844,0.0000,0.0000,0.0000
"07 8A - 5 - It's Not For Money.mp3",5,4.3333,0.188402,0.0000,0.0000,0.0000
"12 6A - 5 - Mental Powers.mp3",5,6.1667,0.298185,0.0000,0.0000,0.0000
"04 3A - 5 - Long Tomorrow (Original Mix).mp3",5,4.9667,0.274658,0.0000,0.0000,0.0000
"02 1A - 5 - Catch You By Surprise (&Me Terrace Dub).mp3",5,6.5333,0.326938,0.0000,0.0000,0.0000
"04 11A - 5 - Mirage (Rework).mp3",5,7.3333,0.329304,0.0000,0.0000,0.0000
"02 7A - 5 - The Radiant City (Original Mix).mp3",5,6.7000,0.306570,0.0000,0.0000,0.0000
"02 6A - 5 - El Maestro (Atmospheric Mix).mp3",5,7.9333,0.264427,0.0000,0.0000,0.0000
"02 12A - 6 - Love Is The Way (Extended Mix).mp3",6,6.9667,0.186806,0.0000,0.0000,0.0000
"01 11A - 6 - Ode Ireti (deroos Remix).mp3",6,8.1000,0.158649,0.0000,0.0000,0.0000
"01 3A - 6 - L.I.F.E.mp3",6,7.6333,0.254631,0.0000,0.0000,0.0000
"01 11A - 6 - Thandaza.mp3",6,6.6000,0.302601,0.0000,0.0000,0.0000
"1-01 3A - 6 - The Rapture Pt.II.mp3",6,8.0000,0.274637,0.0000,0.0000,0.0000
"01 4A - 6 - Afrika (Claude-9 Morupisi Supreme Edit).mp3",6,6.2667,0.266449,0.0000,0.0000,0.0000
"01 10A - 6 - You Got The Funk (Extended Mix).mp3",6,5.3667,0.398201,0.0000,0.0000,0.0000
"6A - 6 - Nuit.mp3",6,4.7333,0.333041,0.0000,0.0000,0.0000
"04 8A - 6 - To Live & Die In L.A..mp3",6,4.9333,0.269246,0.0000,0.0000,0.0000
"09 8A - 6 - Check the Rhime.mp3",6,4.9667,0.114104,0.0000,0.0000,0.0000
"02 2A - 6 - Funky Piano (Extended Mix).mp3",6,3.8333,0.324450,0.0000,0.0000,0.0000
"01 8A - 6 - What Would You Do_ feat. Andrés feat. Amp Fiddler (Folamour 12_ Remix).mp3",6,5.0667,0.333549,0.0000,0.0000,0.0000
"11 9A - 6 - Strobe (Original Mix).mp3",6,3.4667,0.204088,0.0000,0.0000,0.0000
"04 11A - 6 - Help (Extended Mix).mp3",6,4.9000,0.372082,0.0000,0.0000,0.0000
"7A - 6 - Hypnosis (James Dexter Remix).mp3",6,5.6333,0.325654,0.0000,0.0000,0.0000
"02 4A - 6 - Summer In The Studio (Extended Mix).mp3",6,5.9000,0.321646,0.0000,0.0000,0.0000
"01 3A - 6 - Alkebulan (David Mayer Remix).mp3",6,4.7667,0.203109,0.0000,0.0000,0.0000
"21 6A - 6 - Hold Me (Extended Mix).mp3",6,6.6333,0.292616,0.0000,0.0000,0.0000
"01 4A - 6 - Horizon (Original Mix).mp3",6,1.5667,0.058716,0.0000,0.0000,0.0000
"14 5A - 6 - Fading (and Dino Lenny).mp3",6,5.2333,0.390612,0.0000,0.0000,0.0000
"12A - 6 - I AM.mp3",6,4.7667,0.227977,0.0000,0.0000,0.0000
"13 7A - 6 - Bad Habit (Club De Combat Extended Remix).mp3",6,4.0667,0.390459,0.0000,0.0000,0.0000
"01 9A - 6 - Rave The Planet (Original Mix).mp3",6,5.1000,0.470666,0.0000,0.0000,0.0000
"01 5A - 6 - Tobelani.mp3",6,6.6000,0.247029,0.0000,0.0000,0.0000
"5A - 6 - Sevillanas (Original Mix).mp3",6,4.5333,0.122203,0.0000,0.0000,0.0000
"14 6A - 6 - Neurochemistry.mp3",6,3.8333,0.335037,0.0000,0.0000,0.0000
"01 6A - 6 - Our Moment (Captain Hook remix).mp3",6,4.1333,0.380097,0.0000,0.0000,0.0000
"03 9A - 6 - Rhythm Of Life 3 (Original Mix).mp3",6,4.9667,0.360225,0.0000,0.0000,0.0000
"02 10A - 6 - The Dream (feat. Martina Camargo) (Extended Mix).mp3",6,7.9333,0.352851,0.0000,0.0000,0.0000
"01 1A - 6 - Positions (Extended).mp3",6,7.0333,0.363111,0.0000,0.0000,0.0000
"9A - 6 - We Are The Pepole (Adam Sellouk EXT Remix).mp3",6,5.6000,0.400809,0.0000,0.0000,0.0000
"01 4A - 6 - Magic Circus.mp3",6,7.5333,0.222432,0.0000,0.0000,0.0000
"01 1A - 6 - The K Dance.mp3",6,4.7000,0.266066,0.0000,0.0000,0.0000
"01 5A - 6 - Million Pieces.mp3",6,7.3333,0.372348,0.0000,0.0000,0.0000
"01 5A - 6 - Reaction (Original Mix).mp3",6,5.3000,0.332935,0.0000,0.0000,0.0000
"1-08 10A - 6 - Beautiful Love.mp3",6,4.8667,0.124060,0.0000,0.0000,0.0000
"01 3A - 6 - No Way Back.mp3",6,7.6667,0.110504,0.0000,0.0000,0.0000
"9A - 6 - Face To Face (Original Mix).mp3",6,6.1667,0.323817,0.0000,0.0000,0.0000
"01 1A - 6 - Give It To Me 2025 (Extended Mix).mp3",6,5.4667,0.363786,0.0000,0.0000,0.0000
"02 5A - 6 - Love On Hold(Extended Mix) (feat. Tawatha Agee).mp3",6,5.8000,0.215270,0.0000,0.0000,0.0000
"10A - 6 - Mirror Dance [Yoruba Soul Mix].mp3",6,6.2667,0.308652,0.0000,0.0000,0.0000
"01 10A - 6 - La Travesia.mp3",6,7.1667,0.334988,0.0000,0.0000,0.0000
"01 7A - 6 - Transmission (Extended Mix).mp3",6,3.7333,0.267798,0.0000,0.0000,0.0000
"01 4A - 6 - The Age Of Love (Charlotte de Witte & Enrico Sangiuliano Remix).mp3",6,6.2667,0.370479,0.0000,0.0000,0.0000
"05 10A - 6 - Stop Your Life (Original Album).mp3",6,5.5333,0.236411,0.0000,0.0000,0.0000
"7A - 6 - Scala (Original Mix).mp3",6,4.6000,0.184170,0.0000,0.0000,0.0000
"8A - 6 - Speechless feat. Carl Craig, L.mp3",6,7.0333,0.332390,0.0000,0.0000,0.0000
"05 5A - 6 - Teardrops (Don't Stop The Music) (Angelos Remix).mp3",6,5.8000,0.270669,0.0000,0.0000,0.0000
"01 2A - 6 - What If Earth Would Turn Faster (Damian Lazarus Re-Shape).mp3",6,6.7667,0.213795,0.0000,0.0000,0.0000
"01 7A - 6 - Secundo.mp3",6,4.4333,0.305938,0.0000,0.0000,0.0000
"11 5A - 6 - Naranča.mp3",6,5.0667,0.272941,0.0000,0.0000,0.0000
"12A - 6 - Alaia & Gallo-Beat Of The Drum (Original Mix).mp3",6,7.5333,0.391278,0.0000,0.0000,0.0000
"1-01 1A - 6 - Who Is He_ (feat. Kevin Haden).mp3",6,4.0333,0.251859,0.0000,0.0000,0.0000
"1-02 1A - 6 - Who Is He_ (feat. Kevin Haden) (Dr Packer Remix).mp3",6,5.1000,0.309205,0.0000,0.0000,0.0000
"1-01 3A - 6 - Bless Me Today.mp3",6,5.1000,0.289414,0.0000,0.0000,0.0000
"01 7A - 6 - Infados.mp3",6,2.1667,0.151234,0.0000,0.0000,0.0000
"12A - 6 - Music Is (Federico Fleres Remix).mp3",6,5.0000,0.207232,0.0000,0.0000,0.0000
"01 7A - 6 - The Underground (Extended Mix).mp3",6,6.6333,0.226610,0.0000,0.0000,0.0000
"01 1A - 6 - For An Endless Night (Jel Ford Remix).mp3",6,2.9000,0.189228,0.0000,0.0000,0.0000
"01 6A - 6 - Jumja.mp3",6,4.7667,0.317160,0.0000,0.0000,0.0000
"1-03 7A - 7 - I Want to See You Dance.mp3",7,4.2333,0.271405,0.0000,0.0000,0.0000
"1-01 1B - 7 - Thunderstruck.mp3",7,4.1667,0.271192,0.0000,0.0000,0.0000
"02 9B - 7 - You Shook Me All Night Long.mp3",7,3.6333,0.240611,0.0000,0.0000,0.0000
"01 9A - 7 - Best of Me feat. Sailor & I (Original Mix).mp3",7,6.9667,0.417152,0.0000,0.0000,0.0000
"01 8A - 7 - Alegria (Chris IDH Remix).mp3",7,5.2667,0.331056,0.0000,0.0000,0.0000
"01 12A - 7 - Alors (Original Mix).mp3",7,6.3000,0.251894,0.0000,0.0000,0.0000
"69 12A - 7 - Going Back.mp3",7,6.2333,0.255975,0.0000,0.0000,0.0000
"01 9A - 7 - Stomping Ground.mp3",7,5.4000,0.339176,0.0000,0.0000,0.0000
"1-03 6A - 7 - Pranava.mp3",7,4.6667,0.370477,0.0000,0.0000,0.0000
"01 1A - 7 - Come with Us (Asgard remix).mp3",7,4.5667,0.269062,0.0000,0.0000,0.0000
"03 9A - 7 - Tonight (Adam Port 12_ Autobahn Edit).mp3",7,4.8000,0.318030,0.0000,0.0000,0.0000
"01 7A - 7 - Hey.mp3",7,7.5333,0.308411,0.0000,0.0000,0.0000
"01 5A - 7 - My Chance (Original Mix).mp3",7,7.9333,0.394616,0.0000,0.0000,0.0000
"01 2A - 7 - Akulu Woo.mp3",7,5.1667,0.186861,0.0000,0.0000,0.0000
"01 8A - 7 - 7 Days.mp3",7,4.3000,0.279512,0.0000,0.0000,0.0000
"42 5A - 7 - L'Esperanza (Original Mix).mp3",7,4.4333,0.217483,0.0000,0.0000,0.0000
"8A - 7 - Into A Deep (Hot Toddy Remix).mp3",7,6.7667,0.288909,0.0000,0.0000,0.0000
"2-01 4A - 7 - Intro (original club mix) (and Fred Falke).mp3",7,3.4000,0.189674,0.0000,0.0000,0.0000
"05 9A - 7 - Fear (Damon Jee Remix).mp3",7,3.9667,0.346262,0.0000,0.0000,0.0000
"9A - 7 - Take Me Away.mp3",7,6.7333,0.414569,0.0000,0.0000,0.0000
"14 7A - 7 - Love Resurrection (Love Injected Mix).mp3",7,3.9000,0.219455,0.0000,0.0000,0.0000
"01 2A - 7 - Voyage (Original Mix).mp3",7,5.5000,0.309407,0.0000,0.0000,0.0000
"06 6A - 7 - Lovelee Dae (with DANCE & Blaze (Kevin Hedge)).mp3",7,4.0667,0.363904,0.0000,0.0000,0.0000
"2A - 7 - Yeah (Original Mix).mp3",7,4.2000,0.350181,0.0000,0.0000,0.0000
"01 2A - 7 - You Don't Know (Original Mix).mp3",7,5.0667,0.336499,0.0000,0.0000,0.0000
"08 8A - 7 - Dance the Pain Away.mp3",7,4.8000,0.220463,0.0000,0.0000,0.0000
"01 10A - 7 - I Adore You (Extended Mix).mp3",7,7.3667,0.389196,0.0000,0.0000,0.0000
"09 9A - 7 - A Deeper Love (Morales Radio Mix).mp3",7,5.1667,0.227053,0.0000,0.0000,0.0000
"01 7A - 7 - LSDing Camping.mp3",7,4.1667,0.305854,0.0000,0.0000,0.0000
"01 5A - 7 - Aria (Extended Mix).mp3",7,4.2000,0.445012,0.0000,0.0000,0.0000
"5A - 7 - Armin Van Buuren-Communication (Original 12 Version).mp3",7,2.7667,0.144584,0.0000,0.0000,0.0000
"33 1B - 7 - Madagascar (Ferry Corsten Remastered Remix).mp3",7,3.4000,0.278510,0.0000,0.0000,0.0000
"02 5A - 7 - Under the Moonlight (Extended Mix).mp3",7,1.7000,0.260302,0.0000,0.0000,0.0000
"1-01 10A - 7 - Love Don't Make It Right.mp3",7,5.4667,0.133945,0.0000,0.0000,0.0000
"1-01 10A - 7 - Holdin' On (feat. Bryan Chambers).mp3",7,6.2667,0.374472,0.0000,0.0000,0.0000
"01 5A - 7 - Jenifa.mp3",7,7.4000,0.368605,0.0000,0.0000,0.0000
"01 7A - 7 - Evelin.mp3",7,7.9000,0.241450,0.0000,0.0000,0.0000
"02 8A - 7 - Little Love (Tom Sommerson Extended Remix).mp3",7,6.5000,0.252648,0.0000,0.0000,0.0000
"02 7A - 7 - Whatever (7am Mix).mp3",7,4.8667,0.381653,0.0000,0.0000,0.0000
"1-01 9A - 7 - For The Same Man (Nasty Version).mp3",7,5.6333,0.262425,0.0000,0.0000,0.0000
"1-02 3A - 7 - Seven Days and One Week (club mix).mp3",7,6.1333,0.242937,0.0000,0.0000,0.0000
"01 5A - 7 - What You Need (Enzo Elia Balearic Gabba edit).mp3",7,6.9667,0.281839,0.0000,0.0000,0.0000
"01 3A - 7 - Can't Stop Now (Extended Mix).mp3",7,5.1000,0.337110,0.0000,0.0000,0.0000
"1-01 12A - 7 - Power (Original Mix).mp3",7,4.5667,0.303980,0.0000,0.0000,0.0000
"01 2A - 7 - Last Night.mp3",7,7.5667,0.230860,0.0000,0.0000,0.0000
"04 6A - 7 - Let the Drums Speak.mp3",7,7.0333,0.185870,0.0000,0.0000,0.0000
"7A - 7 - Stay With Me (Original Mix).mp3",7,4.4333,0.288873,0.0000,0.0000,0.0000
"02 11A - 7 - Hermetico.mp3",7,5.3333,0.235969,0.0000,0.0000,0.0000
"01 4A - 7 - Losers (Purple Disco Machine Remix Edit).mp3",7,4.3333,0.321295,0.0000,0.0000,0.0000
"1-01 3A - 7 - Party Woman (Crazy P Remix).mp3",7,7.0667,0.291862,0.0000,0.0000,0.0000
"05 11B - 7 - Paris latino (Maxi).mp3",7,4.8333,0.200168,0.0000,0.0000,0.0000
"4A - 7 - Red Alert [Grant Nelson Remix].mp3",7,4.3667,0.314982,0.0000,0.0000,0.0000
"1-02 5A - 7 - Thank You (12_ Mix).mp3",7,5.0000,0.228184,0.0000,0.0000,0.0000
"06 2A - 7 - Ride It.mp3",7,5.0333,0.361166,0.0000,0.0000,0.0000
"07 10A - 7 - Suzie (Bonus Track).mp3",7,5.6667,0.323472,0.0000,0.0000,0.0000
"2-03 8A - 7 - French Coast (Folamour Remix).mp3",7,6.7333,0.328426,0.0000,0.0000,0.0000
"02 6A - 7 - Sick Daze (APM001 & Blac Remix).mp3",7,7.4000,0.167364,0.0000,0.0000,0.0000
"9A - 7 - Dj S - Music Trance.mp3",7,5.1000,0.244364,0.0000,0.0000,0.0000
"25 3A - 7 - Do Me Right (feat. Dames Brown (Crackazat Extended Remix).mp3",7,5.0000,0.372387,0.0000,0.0000,0.0000
"01 8A - 7 - Energy (Original Mix).mp3",7,6.5000,0.371827,0.0000,0.0000,0.0000
"11A - 8 - 212 (zvukoff.ru).mp3",8,4.4333,0.257546,0.0000,0.0000,0.0000
"02 8A - 8 - Move It.mp3",8,4.4667,0.221761,0.0000,0.0000,0.0000
"2-01 12B - 8 - Single Ladies (Put A Ring On It).mp3",8,3.7000,0.281279,0.0000,0.0000,0.0000
"04 9A - 8 - CUFF IT.mp3",8,4.9667,0.288394,0.0000,0.0000,0.0000
"1-01 5A - 8 - Signal.mp3",8,4.9333,0.288415,0.0000,0.0000,0.0000
"6A - 8 - It's You (Original Mix).mp3",8,5.7000,0.317880,0.0000,0.0000,0.0000
"01 7A - 8 - Fantasy.mp3",8,5.2000,0.370662,0.0000,0.0000,0.0000
"01 5A - 8 - Las Flores.mp3",8,5.1000,0.224981,0.0000,0.0000,0.0000
"04 7A - 8 - Liquid Hook (Interactive Noise Remix) (vs. Liquid Soul).mp3",8,5.5000,0.367536,0.0000,0.0000,0.0000
"09 10A - 8 - Aran.mp3",8,6.6000,0.398927,0.0000,0.0000,0.0000
"03 8A - 8 - Some Haww.mp3",8,5.1667,0.321985,0.0000,0.0000,0.0000
"07 12B - 8 - Baby I Love Your Way.mp3",8,4.3333,0.282946,0.0000,0.0000,0.0000
"1-01 9A - 8 - What Would You Do_ (feat. Andrés & Amp Fiddler).mp3",8,4.1667,0.359257,0.0000,0.0000,0.0000
"4-04 3A - 8 - Let's Dance (12_ version).mp3",8,3.3333,0.187101,0.0000,0.0000,0.0000
"8A - 8 - Show Me.mp3",8,6.0000,0.342265,0.0000,0.0000,0.0000
"14 8A - 8 - Danza Kuduro (Feat. Lucenzo).mp3",8,5.0333,0.358677,0.0000,0.0000,0.0000
"1-01 3A - 8 - Everyman (Late Nite Tuff Guy Rework).mp3",8,5.1667,0.206407,0.0000,0.0000,0.0000
"04 4A - 8 - Still D.R.E Ft Snoop Dogg.mp3",8,4.7000,0.296842,0.0000,0.0000,0.0000
"1-17 10A - 8 - Hotel California (2013 Remaster).mp3",8,4.4333,0.176641,0.0000,0.0000,0.0000
"1-09 2A - 8 - Love Come Down (12_ version).mp3",8,3.9333,0.194610,0.0000,0.0000,0.0000
"6A - 8 - Like A G6  ft. The Cataracs & Dev.mp3",8,4.1000,0.387733,0.0000,0.0000,0.0000
"1-12 12A - 8 - Precious Little Diamond (12_ Mix).mp3",8,4.6333,0.281306,0.0000,0.0000,0.0000
"36 8A - 8 - Infinity (Extended Mix).mp3",8,4.2333,0.336735,0.0000,0.0000,0.0000
"1-01 6A - 8 - I Got My Mind Made Up (You Can Get It Girl).mp3",8,4.6667,0.214231,0.0000,0.0000,0.0000
"1-12 4A - 8 - Breakdance (Extended Remix).mp3",8,4.9000,0.207534,0.0000,0.0000,0.0000
"3-04 3A - 8 - Space Cowboy (Classic Radio).mp3",8,5.2000,0.174863,0.0000,0.0000,0.0000
"05 2B - 8 - Empire State Of Mind (Alicia Keys).mp3",8,4.2667,0.385478,0.0000,0.0000,0.0000
"6A - 8 - You're Not Alone (Manuel De La Mare Vs Will Gold Remix).mp3",8,1.9333,0.384419,0.0000,0.0000,0.0000
"1-09 9A - 8 - Bourgie Bourgie (Louie Vega Remix) (feat. The Monster Orchestra).mp3",8,4.4333,0.308259,0.0000,0.0000,0.0000
"02 8A - 8 - I Kissed A Girl.mp3",8,3.8667,0.339593,0.0000,0.0000,0.0000
"35 1A - 8 - Celebrate (Extended Mix).mp3",8,5.5333,0.224313,0.0000,0.0000,0.0000
"1-01 2A - 8 - You Got Something Special (KON Edit).mp3",8,4.0000,0.276390,0.0000,0.0000,0.0000
"03 2A - 8 - INDUSTRY BABY (feat. Jack Harlow).mp3",8,4.3000,0.321669,0.0000,0.0000,0.0000
"01 1A - 8 - Vogue (12'' Version).mp3",8,4.7667,0.123029,0.0000,0.0000,0.0000
"1-01 11A - 8 - The Spirit (Extended Mix).mp3",8,6.1000,0.354833,0.0000,0.0000,0.0000
"1B - 8 - Timber ft. Ke$ha.mp3",8,3.9667,0.325808,0.0000,0.0000,0.0000
"01 1B - 8 - Timber.mp3",8,3.9000,0.347687,0.0000,0.0000,0.0000
"01 7A - 8 - Spitfire.mp3",8,2.8000,0.206874,0.0000,0.0000,0.0000
"09 7A - 8 - B.M.F. (Blowin' Money Fast) (Feat. Styles P).mp3",8,4.5000,0.315851,0.0000,0.0000,0.0000
"2-06 11A - 8 - Wear It Out (12_ version).mp3",8,4.7000,0.169438,0.0000,0.0000,0.0000
"1-02 3A - 8 - Umbrella.mp3",8,5.2000,0.324371,0.0000,0.0000,0.0000
